,City ID,confirm name,Confirm Country,Latitude,Longitude,Temp Kelvin,Temp C,Temp F,Humidity (RH)%,Cloud% Cover,wind speed (m/s),wind speed (mph),Time stamp
0,110690,Abhā,SA,18.22,42.51,297.62,24.0,76.0,6,0,4.6,10.22,['20 Oct 2020 08:22:19']
1,2293538,Abidjan,CI,5.31,-4.02,301.15,28.0,82.0,83,40,5.1,11.33,['20 Oct 2020 08:22:19']
2,2324433,Abonnema,NG,4.71,6.79,304.15,31.0,88.0,70,75,1.5,3.33,['20 Oct 2020 08:22:19']
3,3533462,Acapulco de Juárez,MX,16.86,-99.89,299.15,26.0,79.0,88,40,2.1,4.67,['20 Oct 2020 08:22:19']
4,2293428,Adiaké,CI,5.29,-3.3,301.15,28.0,82.0,83,40,5.1,11.33,['20 Oct 2020 08:22:19']
5,2381972,Adrar,MR,20.5,-10.07,306.28,33.0,92.0,12,0,4.53,10.07,['20 Oct 2020 08:22:19']
6,245669,Adré,TD,13.47,22.2,308.01,35.0,95.0,10,0,5.98,13.29,['20 Oct 2020 08:22:19']
7,3408269,Afuá,BR,-0.16,-50.39,303.46,31.0,87.0,62,75,3.45,7.67,['20 Oct 2020 08:22:19']
8,1651810,Airai,TL,-8.93,125.41,290.24,17.0,63.0,94,50,0.92,2.04,['20 Oct 2020 08:22:19']
9,2101169,Aitape,PG,-3.14,142.35,299.86,27.0,80.0,75,72,0.97,2.16,['20 Oct 2020 08:22:19']
10,3038333,Arrondissement d'Ajaccio,FR,42.0,8.92,294.15,21.0,70.0,49,17,3.6,8.0,['20 Oct 2020 08:22:19']
11,2235776,Akonolinga,CM,3.77,12.25,300.63,27.0,81.0,74,68,0.44,0.98,['20 Oct 2020 08:22:19']
12,2293107,Akoupé,CI,6.39,-3.9,304.4,31.0,88.0,57,48,1.39,3.09,['20 Oct 2020 08:22:19']
13,5106841,Albany,US,42.6,-73.97,287.68,14.0,58.0,78,86,0.45,1.0,['20 Oct 2020 08:22:19']
14,1278987,Allāpalli,IN,19.42,80.07,299.44,26.0,79.0,89,77,0.41,0.91,['20 Oct 2020 08:22:19']
15,6316343,Alta Floresta,BR,-9.88,-56.09,297.98,25.0,77.0,83,99,1.86,4.13,['20 Oct 2020 08:22:19']
16,3866163,Alta Gracia,AR,-31.65,-64.43,288.12,15.0,59.0,81,100,4.92,10.93,['20 Oct 2020 08:22:19']
17,5178195,Altoona,US,40.52,-78.39,283.15,10.0,50.0,92,100,1.37,3.04,['20 Oct 2020 08:22:19']
18,3472404,Alvorada,BR,-12.48,-49.12,304.87,32.0,89.0,42,90,2.83,6.29,['20 Oct 2020 08:22:19']
19,3407762,Amapá,BR,1.0,-52.0,301.88,29.0,84.0,63,85,2.3,5.11,['20 Oct 2020 08:22:19']
20,5516233,Amarillo,US,35.22,-101.83,280.15,7.0,45.0,93,75,4.1,9.11,['20 Oct 2020 08:22:19']
21,1082243,Ambilobe,MG,-13.2,49.05,305.26,32.0,90.0,43,54,0.39,0.87,['20 Oct 2020 08:22:19']
22,3899695,Ancud,CL,-41.87,-73.82,280.52,7.0,45.0,81,84,5.7,12.67,['20 Oct 2020 08:22:19']
23,2304548,Anloga,GH,5.79,0.9,304.15,31.0,88.0,70,20,5.1,11.33,['20 Oct 2020 08:22:19']
24,3899539,Antofagasta,CL,-23.65,-70.4,288.15,15.0,59.0,82,75,2.1,4.67,['20 Oct 2020 08:22:19']
25,1068971,Antsohihy,MG,-14.88,47.99,308.62,36.0,96.0,31,19,0.34,0.76,['20 Oct 2020 08:22:19']
26,3407407,Aquiraz,BR,-3.9,-38.39,302.15,29.0,84.0,66,75,9.3,20.67,['20 Oct 2020 08:22:19']
27,2460954,Araouane,ML,18.9,-3.53,307.69,34.0,94.0,10,0,5.04,11.2,['20 Oct 2020 08:22:19']
28,733638,Ardino,BG,41.58,25.13,290.41,17.0,63.0,33,4,2.1,4.67,['20 Oct 2020 08:22:19']
29,4562635,Arecibo,PR,18.47,-66.72,299.57,27.0,80.0,75,30,1.83,4.07,['20 Oct 2020 08:22:19']
30,3407194,Areia Branca,BR,-4.96,-37.14,303.21,30.0,86.0,48,41,7.91,17.58,['20 Oct 2020 08:22:19']
31,3182854,Ariano Irpino,IT,41.15,15.08,288.39,15.0,59.0,62,20,1.0,2.22,['20 Oct 2020 08:22:19']
32,2447513,Arlit,NE,18.74,7.39,312.01,39.0,102.0,8,0,4.61,10.24,['20 Oct 2020 08:22:19']
33,3471451,Arraial do Cabo,BR,-22.97,-42.03,299.15,26.0,79.0,69,40,7.2,16.0,['20 Oct 2020 08:22:19']
34,2537881,Safi,MA,32.3,-9.24,297.16,24.0,75.0,46,80,15.17,33.71,['20 Oct 2020 08:22:19']
35,1526273,Nur-Sultan,KZ,51.18,71.45,286.15,13.0,55.0,49,5,4.0,8.89,['20 Oct 2020 08:22:19']
36,359792,Aswān,EG,24.09,32.91,312.93,40.0,104.0,9,0,3.22,7.16,['20 Oct 2020 08:22:19']
37,1651103,Atambua,ID,-9.11,124.89,298.08,25.0,77.0,74,57,1.22,2.71,['20 Oct 2020 08:22:19']
38,2381334,Atar,MR,20.52,-13.05,307.77,34.0,94.0,20,0,6.0,13.33,['20 Oct 2020 08:22:19']
39,4020109,Atuona,PF,-9.8,-139.03,298.36,25.0,77.0,77,4,9.36,20.8,['20 Oct 2020 08:22:19']
40,4035715,Avarua,CK,-21.21,-159.78,297.83,24.0,76.0,79,69,1.76,3.91,['20 Oct 2020 08:22:19']
41,88533,Awjilah,LY,29.11,21.29,302.37,29.0,85.0,35,9,3.69,8.2,['20 Oct 2020 08:22:19']
42,2303611,Esim,GH,4.87,-2.24,300.64,27.0,81.0,78,64,4.7,10.44,['20 Oct 2020 08:22:19']
43,2292542,Ayamé,CI,5.61,-3.16,301.96,29.0,84.0,72,66,2.37,5.27,['20 Oct 2020 08:22:19']
44,2252606,Bakel,SN,14.9,-12.46,310.68,38.0,100.0,12,39,4.46,9.91,['20 Oct 2020 08:22:19']
45,3406545,Balsas,BR,-7.53,-46.04,305.97,33.0,91.0,31,47,5.49,12.2,['20 Oct 2020 08:22:19']
46,2460596,Bamako,ML,12.65,-8.0,308.15,35.0,95.0,41,0,2.6,5.78,['20 Oct 2020 08:22:19']
47,240604,Bambari,CF,5.77,20.68,305.21,32.0,90.0,50,13,1.96,4.36,['20 Oct 2020 08:22:19']
48,1106677,Bambous Virieux,MU,-20.34,57.76,299.73,27.0,80.0,65,40,5.7,12.67,['20 Oct 2020 08:22:19']
49,2460546,Banamba,ML,13.55,-7.45,309.06,36.0,97.0,17,0,3.22,7.16,['20 Oct 2020 08:22:19']
50,1215502,Banda Aceh,ID,5.56,95.32,301.25,28.0,83.0,75,23,4.58,10.18,['20 Oct 2020 08:22:19']
51,141665,Bandar-e Lengeh,IR,26.56,54.88,305.15,32.0,90.0,33,0,2.1,4.67,['20 Oct 2020 08:22:19']
52,64814,Bandarbeyla,SO,9.49,50.81,301.69,28.0,83.0,60,6,5.65,12.56,['20 Oct 2020 08:22:19']
53,5244638,Baraboo,US,43.47,-89.74,271.49,-2.0,29.0,92,1,2.4,5.33,['20 Oct 2020 08:22:19']
54,3128760,Barcelona,ES,41.39,2.16,293.92,21.0,69.0,73,40,4.6,10.22,['20 Oct 2020 08:22:19']
55,2742416,Barcelos,PT,41.54,-8.62,289.47,16.0,61.0,82,20,5.1,11.33,['20 Oct 2020 08:22:19']
56,80509,Al Bardīyah,LY,31.76,25.09,300.09,27.0,80.0,52,57,6.81,15.13,['20 Oct 2020 08:22:19']
57,342711,Barentu,ER,15.11,37.59,306.72,33.0,92.0,14,0,2.89,6.42,['20 Oct 2020 08:22:19']
58,3648546,Barinas,VE,8.62,-70.21,298.0,25.0,77.0,77,91,1.21,2.69,['20 Oct 2020 08:22:19']
59,3470821,Barra,BR,-11.09,-43.14,302.36,29.0,85.0,48,49,4.06,9.02,['20 Oct 2020 08:22:19']
60,5880054,Barrow,US,71.29,-156.79,271.15,-2.0,28.0,79,90,4.1,9.11,['20 Oct 2020 08:22:19']
61,1726449,Basco,PH,20.45,121.97,301.19,28.0,82.0,81,100,15.43,34.29,['20 Oct 2020 08:22:19']
62,219414,Basoko,CD,1.24,23.62,296.69,23.0,74.0,82,98,1.88,4.18,['20 Oct 2020 08:22:19']
63,2027042,Batagay-Alyta,RU,67.8,130.41,262.17,-11.0,12.0,95,100,0.54,1.2,['20 Oct 2020 08:22:19']
64,3374083,Bathsheba,BB,13.22,-59.52,303.15,30.0,86.0,74,40,2.6,5.78,['20 Oct 2020 08:22:19']
65,2234663,Batouri,CM,4.43,14.37,302.03,29.0,84.0,62,38,1.65,3.67,['20 Oct 2020 08:22:19']
66,2303287,Bawku,GH,11.06,-0.24,308.37,35.0,95.0,36,0,2.71,6.02,['20 Oct 2020 08:22:19']
67,4146901,Bayonet Point,US,28.33,-82.68,296.48,23.0,74.0,88,87,6.07,13.49,['20 Oct 2020 08:22:19']
68,1816751,Beidao,CN,34.57,105.89,285.1,12.0,54.0,40,97,1.26,2.8,['20 Oct 2020 08:22:19']
69,3470137,Belmonte,BR,-15.86,-38.88,299.15,26.0,79.0,74,75,1.5,3.33,['20 Oct 2020 08:22:19']
70,1067565,Beloha,MG,-25.17,45.05,308.04,35.0,95.0,16,0,6.57,14.6,['20 Oct 2020 08:22:19']
71,1649150,Bengkulu,ID,-3.8,102.27,299.64,27.0,80.0,77,84,1.21,2.69,['20 Oct 2020 08:22:19']
72,3351663,Benguela,AO,-12.58,13.41,300.15,27.0,81.0,69,90,4.1,9.11,['20 Oct 2020 08:22:19']
73,2521088,Benidorm,ES,38.54,-0.13,295.93,23.0,73.0,79,67,0.45,1.0,['20 Oct 2020 08:22:19']
74,2278682,Bensonville,LR,6.45,-10.61,301.07,28.0,82.0,76,90,2.71,6.02,['20 Oct 2020 08:22:19']
75,1276455,Beohāri,IN,24.05,81.38,299.24,26.0,79.0,44,46,1.72,3.82,['20 Oct 2020 08:22:19']
76,3105522,Bereda,ES,43.27,-7.54,291.47,18.0,65.0,68,100,4.47,9.93,['20 Oct 2020 08:22:19']
77,2234359,Bertoua,CM,4.58,13.68,301.75,28.0,83.0,65,64,1.69,3.76,['20 Oct 2020 08:22:19']
78,1249931,Beruwala,LK,6.48,79.98,300.54,27.0,81.0,78,63,3.61,8.02,['20 Oct 2020 08:22:19']
79,1611635,Betong,TH,5.77,101.07,297.27,24.0,75.0,91,96,0.6,1.33,['20 Oct 2020 08:22:19']
80,3204222,Bihać,BA,44.82,15.87,290.99,18.0,64.0,48,4,0.4,0.89,['20 Oct 2020 08:22:19']
81,5640350,Billings Metropolitan Area,US,45.78,-108.5,275.61,2.0,36.0,93,75,3.1,6.89,['20 Oct 2020 08:22:19']
82,2446796,Bilma,NE,18.69,12.92,310.53,37.0,99.0,9,0,2.84,6.31,['20 Oct 2020 08:22:19']
83,244878,Biltine,TD,14.53,20.92,310.56,37.0,99.0,9,0,5.29,11.76,['20 Oct 2020 08:22:19']
84,240210,Birao,CF,10.28,22.79,308.17,35.0,95.0,32,5,2.16,4.8,['20 Oct 2020 08:22:19']
85,2346995,Biu,NG,10.61,12.19,306.77,34.0,93.0,21,25,2.57,5.71,['20 Oct 2020 08:22:19']
86,3491355,Black River,JM,18.03,-77.85,298.99,26.0,79.0,83,20,1.5,3.33,['20 Oct 2020 08:22:19']
87,3664980,Boa Vista,BR,2.82,-60.67,302.15,29.0,84.0,66,90,1.5,3.33,['20 Oct 2020 08:22:19']
88,2388614,Boda,CF,4.32,17.47,302.89,30.0,86.0,66,13,2.24,4.98,['20 Oct 2020 08:22:19']
89,218680,Boende,CD,-0.22,20.87,303.94,31.0,87.0,49,55,2.1,4.67,['20 Oct 2020 08:22:19']
90,575521,Bogorodskoye,RU,56.55,37.88,275.83,3.0,37.0,81,100,4.57,10.16,['20 Oct 2020 08:22:19']
91,2302821,Bolgatanga,GH,10.79,-0.85,308.72,36.0,96.0,39,0,1.91,4.24,['20 Oct 2020 08:22:19']
92,2720679,Bollnäs,SE,61.35,16.39,274.59,2.0,35.0,91,100,2.16,4.8,['20 Oct 2020 08:22:19']
93,3405215,Bonfim,BR,3.08,-59.95,301.62,28.0,83.0,67,99,1.97,4.38,['20 Oct 2020 08:22:19']
94,218229,Bongandanga,CD,1.5,21.05,305.81,33.0,91.0,50,74,0.53,1.18,['20 Oct 2020 08:22:19']
95,2409914,Bonthe,SL,7.53,-12.51,302.86,29.0,85.0,67,56,4.29,9.53,['20 Oct 2020 08:22:19']
96,2388036,Bossangoa,CF,6.49,17.46,305.76,33.0,91.0,45,0,1.66,3.69,['20 Oct 2020 08:22:19']
97,1648082,Boyolangu,ID,-8.12,111.89,298.47,26.0,78.0,86,77,1.71,3.8,['20 Oct 2020 08:22:19']
98,2654970,Brae,GB,60.4,-1.35,282.15,9.0,48.0,87,75,13.4,29.78,['20 Oct 2020 08:22:19']
99,2260535,Brazzaville,CG,-4.27,15.28,301.55,28.0,83.0,69,75,2.6,5.78,['20 Oct 2020 08:22:19']
100,1015776,Bredasdorp,ZA,-34.53,20.04,294.15,21.0,70.0,46,33,7.2,16.0,['20 Oct 2020 08:22:19']
101,4531405,Broken Arrow,US,36.05,-95.79,282.14,9.0,48.0,93,90,2.1,4.67,['20 Oct 2020 08:22:19']
102,3614663,Brus Laguna,HN,15.75,-84.48,297.11,24.0,75.0,87,100,1.57,3.49,['20 Oct 2020 08:22:19']
103,2374583,Bubaque,GW,11.28,-15.83,301.38,28.0,83.0,81,92,0.67,1.49,['20 Oct 2020 08:22:19']
104,2278158,Buchanan,LR,5.88,-10.05,301.15,28.0,82.0,75,94,3.31,7.36,['20 Oct 2020 08:22:19']
105,160971,Bukene,TZ,-4.23,32.88,304.44,31.0,88.0,29,43,2.57,5.71,['20 Oct 2020 08:22:19']
106,217745,Bumba,CD,2.18,22.47,302.4,29.0,85.0,60,98,1.36,3.02,['20 Oct 2020 08:22:19']
107,217637,Businga,CD,3.33,20.88,300.37,27.0,81.0,89,65,1.66,3.69,['20 Oct 2020 08:22:19']
108,2075265,Busselton,AU,-33.65,115.33,288.51,16.0,60.0,55,15,6.02,13.38,['20 Oct 2020 08:22:19']
109,217562,Butembo,CD,0.15,29.28,290.73,18.0,64.0,95,100,1.22,2.71,['20 Oct 2020 08:22:19']
110,1586443,Ca Mau,VN,9.18,105.15,299.38,26.0,79.0,85,93,1.84,4.09,['20 Oct 2020 08:22:19']
111,3404558,Cabedelo,BR,-6.98,-34.83,301.15,28.0,82.0,65,75,7.2,16.0,['20 Oct 2020 08:22:19']
112,3985710,Cabo San Lucas,MX,22.89,-109.91,297.43,24.0,76.0,69,5,5.1,11.33,['20 Oct 2020 08:22:19']
113,2270385,Camacha,PT,33.08,-16.33,295.15,22.0,72.0,68,40,10.8,24.0,['20 Oct 2020 08:22:19']
114,3351014,Camacupa,AO,-12.02,17.48,306.17,33.0,91.0,18,2,2.89,6.42,['20 Oct 2020 08:22:19']
115,6696258,Campbellton,CA,48.01,-66.67,281.21,8.0,47.0,92,100,1.28,2.84,['20 Oct 2020 08:22:19']
116,3531730,Campeche,MX,19.0,-90.5,294.09,21.0,70.0,98,54,0.38,0.84,['20 Oct 2020 08:22:19']
117,1274989,Candolim,IN,15.52,73.76,300.15,27.0,81.0,94,90,2.1,4.67,['20 Oct 2020 08:22:19']
118,934649,Cap Malheureux,MU,-19.98,57.61,299.26,26.0,79.0,65,0,4.02,8.93,['20 Oct 2020 08:22:19']
119,4379968,Cape Girardeau,US,37.38,-89.72,284.98,12.0,53.0,93,90,2.1,4.67,['20 Oct 2020 08:22:19']
120,3369157,Cape Town,ZA,-33.93,18.42,291.89,19.0,66.0,48,20,3.1,6.89,['20 Oct 2020 08:22:19']
121,3664659,Carauari,BR,-4.88,-66.9,299.18,26.0,79.0,81,94,0.86,1.91,['20 Oct 2020 08:22:19']
122,3466980,Caravelas,BR,-17.71,-39.25,298.8,26.0,78.0,77,98,3.61,8.02,['20 Oct 2020 08:22:19']
123,3439159,Colonia Carlos Antonio López,PY,-26.4,-54.77,300.57,27.0,81.0,50,0,2.27,5.04,['20 Oct 2020 08:22:19']
124,2074865,Carnarvon,AU,-24.87,113.63,294.15,21.0,70.0,73,0,8.7,19.33,['20 Oct 2020 08:22:19']
125,3466750,Cassilândia,BR,-19.11,-51.73,296.89,24.0,75.0,83,100,4.28,9.51,['20 Oct 2020 08:22:19']
126,3466704,Castro,BR,-24.79,-50.01,294.46,21.0,70.0,71,48,2.59,5.76,['20 Oct 2020 08:22:19']
127,3350372,Catabola,AO,-12.15,17.28,304.15,31.0,88.0,15,10,4.1,9.11,['20 Oct 2020 08:22:19']
128,2242001,Caxito,AO,-8.58,13.66,302.15,29.0,84.0,62,40,5.1,11.33,['20 Oct 2020 08:22:19']
129,3382160,Cayenne,GF,4.93,-52.33,302.15,29.0,84.0,79,79,2.6,5.78,['20 Oct 2020 08:22:19']
130,3027484,Chalon-sur-Saône,FR,46.78,4.85,291.04,18.0,64.0,55,99,10.8,24.0,['20 Oct 2020 08:22:19']
131,139223,Chālūs,IR,36.66,51.42,297.15,24.0,75.0,64,75,5.1,11.33,['20 Oct 2020 08:22:19']
132,3598787,Champerico,GT,14.3,-91.92,288.98,16.0,60.0,51,98,1.96,4.36,['20 Oct 2020 08:22:19']
133,1274761,Chāndbāli,IN,20.78,86.77,301.23,28.0,83.0,77,38,3.15,7.0,['20 Oct 2020 08:22:19']
134,5919850,Chapais,CA,49.78,-74.85,272.54,-1.0,31.0,97,100,1.49,3.31,['20 Oct 2020 08:22:19']
135,2038087,Chengde,CN,40.97,117.94,284.88,12.0,53.0,49,100,2.34,5.2,['20 Oct 2020 08:22:19']
136,2126199,Cherskiy,RU,68.75,161.3,267.25,-6.0,21.0,97,98,1.24,2.76,['20 Oct 2020 08:22:19']
137,1611197,Chiang Khong,TH,20.26,100.4,293.15,20.0,68.0,100,90,3.1,6.89,['20 Oct 2020 08:22:19']
138,3698359,Chicama,PE,-7.84,-79.15,290.26,17.0,63.0,79,10,1.25,2.78,['20 Oct 2020 08:22:19']
139,1274267,Chichli,IN,22.83,78.82,301.11,28.0,82.0,62,35,1.98,4.4,['20 Oct 2020 08:22:19']
140,610091,Chingirlau,KZ,51.09,54.08,282.69,9.0,49.0,53,80,5.2,11.56,['20 Oct 2020 08:22:19']
141,1181022,Chhor,PK,25.52,69.77,310.54,37.0,99.0,15,0,4.33,9.62,['20 Oct 2020 08:22:19']
142,3443061,Chui,UY,-33.7,-53.46,289.53,16.0,61.0,63,97,8.21,18.24,['20 Oct 2020 08:22:19']
143,3466165,Cidreira,BR,-30.18,-50.21,295.88,23.0,73.0,68,1,2.17,4.82,['20 Oct 2020 08:22:19']
144,4013679,Coahuayana Viejo,MX,18.73,-103.68,296.15,23.0,73.0,78,20,1.39,3.09,['20 Oct 2020 08:22:19']
145,3576994,Cockburn Town,TC,21.46,-71.14,299.15,26.0,79.0,78,40,2.1,4.67,['20 Oct 2020 08:22:19']
146,2401357,Cocobeach,GA,1.0,9.58,303.15,30.0,86.0,74,40,4.1,9.11,['20 Oct 2020 08:22:19']
147,2171099,Codrington,AU,-38.27,141.97,282.09,9.0,48.0,86,100,1.71,3.8,['20 Oct 2020 08:22:19']
148,3894426,Coyhaique,CL,-45.58,-72.07,278.15,5.0,41.0,75,20,1.5,3.33,['20 Oct 2020 08:22:19']
149,2422465,Conakry,GN,9.54,-13.68,301.15,28.0,82.0,78,40,3.1,6.89,['20 Oct 2020 08:22:19']
150,2501152,Constantine,DZ,36.37,6.61,297.15,24.0,75.0,31,0,2.1,4.67,['20 Oct 2020 08:22:19']
151,3893629,Coquimbo,CL,-29.95,-71.34,286.15,13.0,55.0,82,0,4.6,10.22,['20 Oct 2020 08:22:19']
152,4683416,Corpus Christi,US,27.8,-97.4,298.37,25.0,77.0,88,20,3.6,8.0,['20 Oct 2020 08:22:19']
153,2290609,Dabakala,CI,8.37,-4.43,302.61,29.0,85.0,68,78,1.99,4.42,['20 Oct 2020 08:22:19']
154,2253354,Dakar,SN,14.69,-17.44,309.15,36.0,97.0,39,95,5.1,11.33,['20 Oct 2020 08:22:19']
155,2446267,Dakoro,NE,14.51,6.76,310.24,37.0,99.0,9,0,4.22,9.38,['20 Oct 2020 08:22:19']
156,5937073,Deep River,CA,46.1,-77.5,275.68,3.0,37.0,93,100,1.17,2.6,['20 Oct 2020 08:22:19']
157,339219,Dessie,ET,11.13,39.63,290.21,17.0,63.0,53,64,2.99,6.64,['20 Oct 2020 08:22:19']
158,1337612,Dhidhdhoo,MV,6.88,73.1,301.05,28.0,82.0,79,78,5.92,13.16,['20 Oct 2020 08:22:19']
159,2361373,Diapaga,BF,12.07,1.79,310.37,37.0,99.0,27,0,1.94,4.31,['20 Oct 2020 08:22:19']
160,170691,Dhībān,SY,35.04,40.52,306.86,34.0,93.0,15,24,4.24,9.42,['20 Oct 2020 08:22:19']
161,2445704,Diffa,NE,13.32,12.61,312.14,39.0,102.0,9,0,7.81,17.36,['20 Oct 2020 08:22:19']
162,1714733,Dingle,PH,11.0,122.67,298.13,25.0,77.0,87,100,2.25,5.0,['20 Oct 2020 08:22:19']
163,2563140,Dingli,MT,35.86,14.38,294.68,22.0,71.0,64,20,4.1,9.11,['20 Oct 2020 08:22:19']
164,566027,Dmitriyevka,RU,54.75,55.33,280.54,7.0,45.0,70,75,2.0,4.44,['20 Oct 2020 08:22:19']
165,2445553,Dogondoutchi,NE,13.64,4.03,310.32,37.0,99.0,18,0,1.5,3.33,['20 Oct 2020 08:22:19']
166,290030,Doha,QA,25.29,51.53,306.13,33.0,91.0,41,0,4.1,9.11,['20 Oct 2020 08:22:19']
167,376332,Doka,SD,13.52,35.77,307.57,34.0,94.0,28,3,1.76,3.91,['20 Oct 2020 08:22:19']
168,2445488,Dosso,NE,13.05,3.19,310.43,37.0,99.0,21,0,1.8,4.0,['20 Oct 2020 08:22:19']
169,564593,Dubovskoye,RU,47.41,42.76,286.7,13.0,56.0,48,29,5.13,11.4,['20 Oct 2020 08:22:19']
170,1007311,Durban,ZA,-29.86,31.03,294.4,21.0,70.0,68,75,8.7,19.33,['20 Oct 2020 08:22:19']
171,1272175,Durgapur,IN,23.48,87.32,301.03,28.0,82.0,58,58,1.89,4.2,['20 Oct 2020 08:22:19']
172,1006984,East London,ZA,-33.02,27.91,294.15,21.0,70.0,52,70,10.3,22.89,['20 Oct 2020 08:22:19']
173,2232283,Ébolowa,CM,2.9,11.15,299.71,27.0,80.0,82,75,1.27,2.82,['20 Oct 2020 08:22:19']
174,5503766,Enterprise,US,36.03,-115.24,290.0,17.0,62.0,23,1,0.98,2.18,['20 Oct 2020 08:22:19']
175,1524302,Ereymentau,KZ,51.62,73.1,284.51,11.0,52.0,55,36,3.35,7.44,['20 Oct 2020 08:22:19']
176,4193699,Evans,US,33.53,-82.13,288.4,15.0,59.0,82,1,2.36,5.24,['20 Oct 2020 08:22:19']
177,110690,Faya,SA,18.39,42.45,297.65,24.0,76.0,6,0,4.6,10.22,['20 Oct 2020 08:22:19']
178,3177102,Ferentino,IT,41.7,13.26,289.74,17.0,62.0,63,20,1.0,2.22,['20 Oct 2020 08:22:19']
179,5955902,Fort Nelson,CA,58.81,-122.7,269.02,-4.0,25.0,90,92,0.55,1.22,['20 Oct 2020 08:22:19']
180,5563839,Fortuna,US,40.6,-124.16,283.92,11.0,51.0,100,90,3.6,8.0,['20 Oct 2020 08:22:19']
181,2400547,Gamba,GA,-2.65,10.0,298.63,26.0,78.0,85,100,2.9,6.44,['20 Oct 2020 08:22:19']
182,2259947,Gamboma,CG,-1.88,15.86,303.67,31.0,87.0,60,56,2.52,5.6,['20 Oct 2020 08:22:19']
183,2457161,Gao,ML,16.64,1.64,311.19,38.0,100.0,10,0,0.83,1.84,['20 Oct 2020 08:22:19']
184,2577162,Gaoua,BF,10.3,-3.25,307.31,34.0,93.0,45,7,1.12,2.49,['20 Oct 2020 08:22:19']
185,293842,Kiryat Gat,IL,31.61,34.76,303.23,30.0,86.0,48,0,2.24,4.98,['20 Oct 2020 08:22:19']
186,1735106,George Town,MY,5.41,100.34,302.67,29.0,85.0,74,20,1.5,3.33,['20 Oct 2020 08:22:19']
187,2070998,Geraldton,AU,-28.77,114.6,292.15,19.0,66.0,72,75,5.7,12.67,['20 Oct 2020 08:22:19']
188,3398931,Gilbués,BR,-9.83,-45.34,302.51,29.0,85.0,44,82,5.03,11.18,['20 Oct 2020 08:22:19']
189,336496,Gimbi,ET,9.17,35.83,294.88,22.0,71.0,74,0,1.28,2.84,['20 Oct 2020 08:22:19']
190,3357247,Gobabis,NA,-22.45,18.97,306.98,34.0,93.0,10,0,4.86,10.8,['20 Oct 2020 08:22:19']
191,5962442,Goderich,CA,43.75,-81.72,279.81,7.0,44.0,90,100,4.31,9.58,['20 Oct 2020 08:22:19']
192,4156920,Golden Gate,US,26.19,-81.7,297.26,24.0,75.0,100,75,3.6,8.0,['20 Oct 2020 08:22:19']
193,216281,Goma,CD,-1.68,29.22,294.15,21.0,70.0,73,75,2.1,4.67,['20 Oct 2020 08:22:19']
194,2360372,Gorom-Gorom,BF,14.44,-0.24,311.14,38.0,100.0,16,0,1.62,3.6,['20 Oct 2020 08:22:19']
195,1643837,Gorontalo,ID,0.54,123.06,298.23,25.0,77.0,82,74,1.52,3.38,['20 Oct 2020 08:22:19']
196,2456917,Goundam,ML,16.41,-3.67,310.38,37.0,99.0,9,0,5.48,12.18,['20 Oct 2020 08:22:19']
197,934482,Grand Baie,MU,-20.02,57.58,299.26,26.0,79.0,65,0,4.02,8.93,['20 Oct 2020 08:22:19']
198,934479,Grand Gaube,MU,-20.01,57.66,299.26,26.0,79.0,65,0,4.02,8.93,['20 Oct 2020 08:22:19']
199,2288105,Grand-Lahou,CI,5.14,-5.02,300.77,28.0,82.0,74,94,4.9,10.89,['20 Oct 2020 08:22:19']
200,3433663,Gualeguay,AR,-33.14,-59.31,285.07,12.0,53.0,96,100,6.21,13.8,['20 Oct 2020 08:22:19']
201,3911924,Guanay,BO,-15.5,-67.88,296.41,23.0,74.0,76,87,0.69,1.53,['20 Oct 2020 08:22:19']
202,3461888,Guarapari,BR,-20.67,-40.5,296.56,23.0,74.0,88,90,2.1,4.67,['20 Oct 2020 08:22:19']
203,4021858,Guerrero Negro,MX,27.98,-114.06,293.13,20.0,68.0,89,0,3.65,8.11,['20 Oct 2020 08:22:19']
204,1270779,Guhāgar,IN,17.48,73.19,300.61,27.0,81.0,83,100,2.36,5.24,['20 Oct 2020 08:22:19']
205,3154539,Gullhaug,NO,59.5,10.25,276.27,3.0,38.0,93,75,2.1,4.67,['20 Oct 2020 08:22:19']
206,335288,Hāgere Hiywet,ET,8.98,37.85,293.64,21.0,69.0,56,26,2.57,5.71,['20 Oct 2020 08:22:19']
207,6324729,Halifax,CA,44.65,-63.57,288.05,15.0,59.0,100,90,3.6,8.0,['20 Oct 2020 08:22:19']
208,132144,Hamadan,IR,34.8,48.51,298.15,25.0,77.0,6,0,1.0,2.22,['20 Oct 2020 08:22:19']
209,1244926,Hambantota,LK,6.12,81.12,306.15,33.0,91.0,52,20,7.2,16.0,['20 Oct 2020 08:22:19']
210,4513583,Hamilton,US,39.18,-84.53,282.5,9.0,49.0,93,90,1.5,3.33,['20 Oct 2020 08:22:19']
211,1808857,Hanzhong,CN,33.07,107.03,289.03,16.0,61.0,59,98,0.68,1.51,['20 Oct 2020 08:22:19']
212,57289,Hargeisa,SO,9.56,44.06,301.49,28.0,83.0,19,0,7.11,15.8,['20 Oct 2020 08:22:19']
213,2276492,Harper,LR,4.38,-7.72,300.93,28.0,82.0,69,76,3.04,6.76,['20 Oct 2020 08:22:19']
214,5972291,Havre-St-Pierre,CA,50.23,-63.6,280.04,7.0,44.0,97,100,3.69,8.2,['20 Oct 2020 08:22:19']
215,5972762,Hay River,CA,60.82,-115.8,268.12,-5.0,23.0,88,50,2.84,6.31,['20 Oct 2020 08:22:19']
216,4696788,Hays,US,30.05,-98.03,296.08,23.0,73.0,93,78,1.34,2.98,['20 Oct 2020 08:22:19']
217,3356832,Henties Bay,NA,-22.12,14.28,290.93,18.0,64.0,78,3,1.79,3.98,['20 Oct 2020 08:22:19']
218,3366880,Hermanus,ZA,-34.42,19.23,290.93,18.0,64.0,63,6,2.24,4.98,['20 Oct 2020 08:22:19']
219,5855927,Hilo,US,19.73,-155.09,293.47,21.0,69.0,77,1,2.1,4.67,['20 Oct 2020 08:22:19']
220,1282256,Hithadhoo,MV,-0.6,73.08,301.64,28.0,83.0,76,53,5.89,13.09,['20 Oct 2020 08:22:19']
221,2163355,Hobart,AU,-42.88,147.33,284.86,12.0,53.0,81,75,4.1,9.11,['20 Oct 2020 08:22:19']
222,57000,Hobyo,SO,5.35,48.53,301.87,29.0,84.0,70,7,8.48,18.84,['20 Oct 2020 08:22:19']
223,2630299,Hofn,IS,64.25,-15.21,276.65,3.0,38.0,71,94,2.31,5.13,['20 Oct 2020 08:22:19']
224,196742,Homa Bay,KE,-0.53,34.46,301.15,28.0,82.0,51,75,1.5,3.33,['20 Oct 2020 08:22:19']
225,3398428,Humberto de Campos,BR,-2.6,-43.46,301.25,28.0,83.0,69,35,4.89,10.87,['20 Oct 2020 08:22:19']
226,2629833,Husavik,IS,66.04,-17.34,273.15,0.0,32.0,78,92,2.6,5.78,['20 Oct 2020 08:22:19']
227,3461499,Igarapava,BR,-20.04,-47.75,293.1,20.0,68.0,90,100,2.5,5.56,['20 Oct 2020 08:22:19']
228,2524533,Iglesias,IT,39.31,8.54,294.91,22.0,71.0,56,20,6.7,14.89,['20 Oct 2020 08:22:19']
229,2337639,Ilorin,NG,8.5,4.55,306.19,33.0,91.0,49,33,1.07,2.38,['20 Oct 2020 08:22:19']
230,3423146,Ilulissat,GL,69.22,-51.1,277.15,4.0,39.0,77,75,5.1,11.33,['20 Oct 2020 08:22:19']
231,3408424,Ipixuna,BR,-1.76,-48.8,301.15,28.0,82.0,83,75,5.7,12.67,['20 Oct 2020 08:22:19']
232,5983720,Iqaluit,CA,63.75,-68.51,268.71,-4.0,24.0,85,100,1.34,2.98,['20 Oct 2020 08:22:19']
233,3696183,Iquitos,PE,-3.75,-73.25,297.15,24.0,75.0,94,100,1.0,2.22,['20 Oct 2020 08:22:19']
234,3461017,Irati,BR,-25.47,-50.65,296.57,23.0,74.0,63,83,1.19,2.64,['20 Oct 2020 08:22:19']
235,215771,Isiro,CD,2.77,27.62,296.85,24.0,75.0,95,86,1.43,3.18,['20 Oct 2020 08:22:19']
236,3397893,Itacoatiara,BR,-3.14,-58.44,304.19,31.0,88.0,52,99,1.21,2.69,['20 Oct 2020 08:22:19']
237,3397967,Itaituba,BR,-4.28,-55.98,303.02,30.0,86.0,57,100,1.47,3.27,['20 Oct 2020 08:22:19']
238,3460773,Itapaci,BR,-14.95,-49.55,299.03,26.0,79.0,67,99,2.19,4.87,['20 Oct 2020 08:22:19']
239,3393692,Itarema,BR,-2.92,-39.92,302.83,29.0,85.0,57,71,8.66,19.24,['20 Oct 2020 08:22:19']
240,3397763,Jacareacanga,BR,-6.22,-57.75,300.57,27.0,81.0,72,100,1.54,3.42,['20 Oct 2020 08:22:19']
241,2336589,Jalingo,NG,8.88,11.37,306.39,33.0,92.0,50,10,1.82,4.04,['20 Oct 2020 08:22:19']
242,56399,Jamame,SO,0.07,42.75,303.75,31.0,87.0,57,21,6.76,15.02,['20 Oct 2020 08:22:19']
243,5122534,Jamestown,US,42.1,-79.24,280.64,7.0,45.0,100,90,5.7,12.67,['20 Oct 2020 08:22:19']
244,2336237,Jega,NG,12.22,4.38,309.48,36.0,97.0,26,0,1.22,2.71,['20 Oct 2020 08:22:19']
245,1268865,Jodhpur,IN,26.29,73.03,308.24,35.0,95.0,26,37,0.91,2.02,['20 Oct 2020 08:22:19']
246,3663693,Jutaí,BR,-5.18,-68.9,298.96,26.0,78.0,77,93,1.47,3.27,['20 Oct 2020 08:22:19']
247,1804892,Juye,CN,35.39,116.09,289.66,17.0,62.0,44,99,3.46,7.69,['20 Oct 2020 08:22:19']
248,158684,Kabanga,TZ,-2.64,30.47,296.39,23.0,74.0,67,77,0.95,2.11,['20 Oct 2020 08:22:19']
249,373141,Kaduqli,SD,11.02,29.72,308.33,35.0,95.0,29,49,3.01,6.69,['20 Oct 2020 08:22:19']
250,214974,Kalemie,CD,-5.95,29.19,301.11,28.0,82.0,52,94,1.46,3.24,['20 Oct 2020 08:22:19']
251,553766,Kamenka,RU,51.32,42.77,283.29,10.0,50.0,45,0,7.08,15.73,['20 Oct 2020 08:22:19']
252,933692,Kang,BW,-23.68,22.79,310.13,37.0,99.0,9,0,4.99,11.09,['20 Oct 2020 08:22:19']
253,2400682,Kango,GA,0.19,10.1,298.59,26.0,78.0,92,96,0.76,1.69,['20 Oct 2020 08:22:19']
254,372884,Kapoeta,SS,4.77,33.59,303.96,31.0,87.0,46,95,3.17,7.04,['20 Oct 2020 08:22:19']
255,6620339,Karratha,AU,-20.74,116.85,294.76,22.0,71.0,86,0,5.93,13.18,['20 Oct 2020 08:22:19']
256,2315026,Kasongo-Lunda,CD,-6.47,16.82,306.3,33.0,92.0,48,2,1.03,2.29,['20 Oct 2020 08:22:19']
257,158179,Katerero,TZ,-1.4,31.73,295.15,22.0,72.0,78,75,4.62,10.27,['20 Oct 2020 08:22:19']
258,877178,Katima Mulilo,NA,-17.5,24.27,311.15,38.0,100.0,8,0,5.1,11.33,['20 Oct 2020 08:22:19']
259,2094342,Kavieng,PG,-2.57,150.8,301.58,28.0,83.0,72,100,3.01,6.69,['20 Oct 2020 08:22:19']
260,2455517,Kayes,ML,14.0,-11.0,309.15,36.0,97.0,30,30,4.1,9.11,['20 Oct 2020 08:22:19']
261,2425791,Kibala,TD,9.11,18.35,309.15,36.0,97.0,41,20,2.1,4.67,['20 Oct 2020 08:22:19']
262,157960,Kibondo,TZ,-3.59,30.72,297.89,25.0,77.0,63,100,1.4,3.11,['20 Oct 2020 08:22:19']
263,2455290,Kidal,ML,18.44,1.41,310.72,38.0,100.0,9,0,1.93,4.29,['20 Oct 2020 08:22:19']
264,157738,Kigoma,TZ,-4.88,29.63,295.15,22.0,72.0,88,75,2.6,5.78,['20 Oct 2020 08:22:19']
265,2022064,Kirovskiy,RU,45.09,133.51,281.82,9.0,48.0,59,0,2.87,6.38,['20 Oct 2020 08:22:19']
266,212730,Kisangani,CD,0.52,25.2,298.15,25.0,77.0,78,75,1.76,3.91,['20 Oct 2020 08:22:19']
267,156974,Kisesa,TZ,-3.08,34.15,300.19,27.0,81.0,41,83,2.82,6.27,['20 Oct 2020 08:22:19']
268,5866583,Saint Paul Harbor,US,57.79,-152.41,277.15,4.0,39.0,80,20,7.19,15.98,['20 Oct 2020 08:22:19']
269,1503037,Kodinsk,RU,58.69,99.18,271.18,-2.0,28.0,98,100,1.75,3.89,['20 Oct 2020 08:22:19']
270,2249554,Koungheul,SN,13.98,-14.8,310.08,37.0,98.0,19,85,4.0,8.89,['20 Oct 2020 08:22:19']
271,2229798,Kousséri,CM,12.08,15.03,312.15,39.0,102.0,20,0,2.6,5.78,['20 Oct 2020 08:22:19']
272,261814,Koutsouras,GR,35.03,25.95,296.48,23.0,74.0,55,51,4.47,9.93,['20 Oct 2020 08:22:19']
273,2299233,Kpandu,GH,7.0,0.29,301.49,28.0,83.0,73,16,1.58,3.51,['20 Oct 2020 08:22:19']
274,986717,Kruisfontein,ZA,-34.0,24.73,294.82,22.0,71.0,43,65,6.71,14.91,['20 Oct 2020 08:22:19']
275,1735634,Kuching,MY,1.55,110.33,301.15,28.0,82.0,78,20,2.1,4.67,['20 Oct 2020 08:22:19']
276,1337607,Kudahuvadhoo,MV,2.67,72.89,301.22,28.0,83.0,79,100,5.97,13.27,['20 Oct 2020 08:22:19']
277,1337613,Kulhudhuffushi,MV,6.62,73.07,301.07,28.0,82.0,79,100,6.06,13.47,['20 Oct 2020 08:22:19']
278,2057087,Kupang,ID,-10.17,123.58,301.15,28.0,82.0,74,20,3.6,8.0,['20 Oct 2020 08:22:19']
279,371745,Kutum,SD,14.2,24.67,305.24,32.0,90.0,12,1,5.9,13.11,['20 Oct 2020 08:22:19']
280,1317375,Kyaikto,MM,17.3,97.02,298.76,26.0,78.0,82,100,3.23,7.18,['20 Oct 2020 08:22:19']
281,2021031,Kyren,RU,51.68,102.14,270.3,-3.0,27.0,79,23,1.35,3.0,['20 Oct 2020 08:22:19']
282,3500957,La Romana,DO,18.43,-68.97,298.15,25.0,77.0,94,20,1.71,3.8,['20 Oct 2020 08:22:19']
283,3006414,La Seyne-sur-Mer,FR,43.1,5.88,291.58,18.0,65.0,70,89,5.81,12.91,['20 Oct 2020 08:22:19']
284,8079926,Labuhan,ID,-6.88,112.21,301.23,28.0,83.0,76,8,3.97,8.82,['20 Oct 2020 08:22:19']
285,156098,Laela,TZ,-8.57,32.05,304.39,31.0,88.0,24,34,2.25,5.0,['20 Oct 2020 08:22:19']
286,2332504,Lafiagi,NG,8.87,5.42,309.37,36.0,97.0,45,58,0.54,1.2,['20 Oct 2020 08:22:19']
287,3372964,Lagoa,PT,39.05,-27.98,290.68,18.0,64.0,68,5,11.63,25.84,['20 Oct 2020 08:22:19']
288,2332453,Lagos,NG,6.58,3.75,303.54,31.0,87.0,65,66,3.21,7.13,['20 Oct 2020 08:22:19']
289,5364271,Laguna,US,38.42,-121.42,286.81,14.0,57.0,76,1,1.67,3.71,['20 Oct 2020 08:22:19']
290,2429296,Laï,TD,9.4,16.3,307.79,34.0,94.0,32,1,2.27,5.04,['20 Oct 2020 08:22:19']
291,1707944,Lala,PH,7.97,123.75,297.05,24.0,75.0,96,100,0.98,2.18,['20 Oct 2020 08:22:19']
292,2399870,Lastoursville,GA,-0.81,12.73,301.14,28.0,82.0,67,95,2.43,5.4,['20 Oct 2020 08:22:19']
293,2738381,Lata,PT,40.16,-8.33,288.71,16.0,60.0,97,100,1.34,2.98,['20 Oct 2020 08:22:19']
294,3883457,Lebu,CL,-37.62,-73.65,283.02,10.0,50.0,71,0,6.35,14.11,['20 Oct 2020 08:22:19']
295,1043893,Lichinga,MZ,-13.31,35.24,299.74,27.0,80.0,36,39,2.63,5.84,['20 Oct 2020 08:22:19']
296,2524379,Lipari,IT,38.47,14.95,293.71,21.0,69.0,59,57,1.79,3.98,['20 Oct 2020 08:22:19']
297,211734,Lisala,CD,2.15,21.52,302.33,29.0,85.0,67,92,0.51,1.13,['20 Oct 2020 08:22:19']
298,155921,Liwale,TZ,-9.77,37.93,307.8,34.0,94.0,24,17,2.34,5.2,['20 Oct 2020 08:22:19']
299,3347939,Lobito,AO,-12.35,13.55,300.15,27.0,81.0,69,90,4.1,9.11,['20 Oct 2020 08:22:19']
300,189280,Lodwar,KE,3.12,35.6,307.77,34.0,94.0,30,32,6.16,13.69,['20 Oct 2020 08:22:19']
301,2092164,Lorengau,PG,-2.02,147.27,300.81,28.0,82.0,70,94,1.29,2.87,['20 Oct 2020 08:22:19']
302,2514651,Los Llanos de Aridane,ES,28.66,-17.92,295.5,22.0,72.0,74,75,13.4,29.78,['20 Oct 2020 08:22:19']
303,2258261,Dolisie,CG,-4.2,12.67,302.02,29.0,84.0,64,92,2.54,5.64,['20 Oct 2020 08:22:19']
304,2240449,Luanda,AO,-8.84,13.23,302.15,29.0,84.0,62,40,5.1,11.33,['20 Oct 2020 08:22:19']
305,3489657,Lucea,JM,18.45,-78.17,298.93,26.0,78.0,83,20,1.5,3.33,['20 Oct 2020 08:22:19']
306,3355672,Lüderitz,NA,-26.65,15.16,297.36,24.0,76.0,29,0,16.68,37.07,['20 Oct 2020 08:22:19']
307,876123,Lumeje,AO,-11.55,20.78,308.16,35.0,95.0,17,0,2.0,4.44,['20 Oct 2020 08:22:19']
308,1264700,Lūnāvāda,IN,23.13,73.62,305.63,32.0,90.0,55,29,2.14,4.76,['20 Oct 2020 08:22:19']
309,155514,Mabamba,TZ,-3.6,30.5,298.46,26.0,78.0,63,100,1.53,3.4,['20 Oct 2020 08:22:19']
310,3395981,Maceió,BR,-9.67,-35.74,301.15,28.0,82.0,61,40,6.2,13.78,['20 Oct 2020 08:22:19']
311,3654536,Machachi,EC,-0.5,-78.57,282.65,9.0,49.0,81,40,1.5,3.33,['20 Oct 2020 08:22:19']
312,2257990,Madingou,CG,-4.15,13.55,302.97,30.0,86.0,63,95,2.51,5.58,['20 Oct 2020 08:22:19']
313,934322,Mahébourg,MU,-20.41,57.7,300.15,27.0,81.0,65,40,5.7,12.67,['20 Oct 2020 08:22:19']
314,1337605,Mahibadhoo,MV,3.78,72.97,301.29,28.0,83.0,78,66,5.91,13.13,['20 Oct 2020 08:22:19']
315,2514301,Mahon,ES,39.89,4.27,295.15,22.0,72.0,73,40,7.7,17.11,['20 Oct 2020 08:22:19']
316,2399371,Makokou,GA,0.57,12.86,297.07,24.0,75.0,84,94,2.07,4.6,['20 Oct 2020 08:22:19']
317,155016,Malinyi,TZ,-8.93,36.13,307.6,34.0,94.0,32,14,2.36,5.24,['20 Oct 2020 08:22:19']
318,3146487,Måløy,NO,61.94,5.11,278.57,6.0,42.0,87,75,10.3,22.89,['20 Oct 2020 08:22:19']
319,1636544,Manado,ID,1.49,124.85,300.15,27.0,81.0,78,40,1.0,2.22,['20 Oct 2020 08:22:19']
320,3663516,Mâncio Lima,BR,-7.61,-72.9,302.07,29.0,84.0,58,92,1.31,2.91,['20 Oct 2020 08:22:19']
321,187896,Mandera,KE,3.94,41.87,307.9,35.0,95.0,30,15,0.87,1.93,['20 Oct 2020 08:22:19']
322,4163318,Mango,US,27.98,-82.31,297.02,24.0,75.0,88,1,5.77,12.82,['20 Oct 2020 08:22:19']
323,3663503,Manicoré,BR,-5.81,-61.3,304.8,32.0,89.0,55,73,1.56,3.47,['20 Oct 2020 08:22:19']
324,933416,Manyana,BW,-23.4,21.72,310.11,37.0,99.0,9,35,4.37,9.71,['20 Oct 2020 08:22:19']
325,2469252,Menzel Salem,TN,35.86,8.48,297.15,24.0,75.0,23,0,1.5,3.33,['20 Oct 2020 08:22:19']
326,3430863,Mar del Plata,AR,-38.0,-57.56,286.17,13.0,55.0,71,50,2.1,4.67,['20 Oct 2020 08:22:19']
327,1701054,Marawi,PH,8.0,124.29,297.59,24.0,76.0,95,100,1.34,2.98,['20 Oct 2020 08:22:19']
328,2643044,Margate,GB,51.38,1.39,290.05,17.0,62.0,77,100,2.24,4.98,['20 Oct 2020 08:22:19']
329,370457,Maridi,SS,4.92,29.47,295.81,23.0,73.0,85,100,2.72,6.04,['20 Oct 2020 08:22:19']
330,72181,Marzuq,YE,14.4,46.47,301.27,28.0,83.0,15,0,5.21,11.58,['20 Oct 2020 08:22:19']
331,2215163,Masallātah,LY,32.62,14.0,295.04,22.0,71.0,43,0,3.72,8.27,['20 Oct 2020 08:22:19']
332,2428228,Massakory,TD,13.0,15.73,312.67,39.0,103.0,9,0,6.35,14.11,['20 Oct 2020 08:22:19']
333,2313002,Matadi,CD,-5.82,13.45,304.79,32.0,89.0,52,45,2.73,6.07,['20 Oct 2020 08:22:19']
334,1235846,Matara,LK,5.95,80.54,299.8,27.0,80.0,79,0,4.78,10.62,['20 Oct 2020 08:22:19']
335,6201424,Mataura,NZ,-46.19,168.86,281.48,8.0,47.0,80,86,0.45,1.0,['20 Oct 2020 08:22:19']
336,4566208,Maunabo,PR,18.01,-65.9,300.16,27.0,81.0,100,45,1.39,3.09,['20 Oct 2020 08:22:19']
337,2441194,Mayahi,NE,13.96,7.67,310.33,37.0,99.0,9,0,3.3,7.33,['20 Oct 2020 08:22:19']
338,2399001,Mayumba,GA,-3.43,10.66,299.3,26.0,79.0,84,96,4.45,9.89,['20 Oct 2020 08:22:19']
339,3395042,Mazagão,BR,-0.12,-51.29,304.15,31.0,88.0,74,40,4.1,9.11,['20 Oct 2020 08:22:19']
340,2312895,Mbandaka,CD,0.05,18.26,302.13,29.0,84.0,61,59,1.27,2.82,['20 Oct 2020 08:22:19']
341,2488835,Médéa,DZ,36.26,2.75,305.15,32.0,90.0,21,0,1.5,3.33,['20 Oct 2020 08:22:19']
342,3347353,Menongue,AO,-14.66,17.69,310.73,38.0,100.0,8,66,5.12,11.38,['20 Oct 2020 08:22:19']
343,257122,Methóni,GR,36.82,21.7,296.04,23.0,73.0,53,40,3.1,6.89,['20 Oct 2020 08:22:19']
344,1214488,Meulaboh,ID,4.14,96.13,299.92,27.0,80.0,81,42,1.22,2.71,['20 Oct 2020 08:22:19']
345,153955,Micheweni,TZ,-4.97,39.83,301.32,28.0,83.0,62,23,3.97,8.82,['20 Oct 2020 08:22:19']
346,2398430,Mimongo,GA,-1.62,11.61,297.92,25.0,77.0,82,99,1.62,3.6,['20 Oct 2020 08:22:19']
347,123941,Mīnāb,IR,27.15,57.08,309.15,36.0,97.0,7,0,4.1,9.11,['20 Oct 2020 08:22:19']
348,2330100,Minna,NG,9.61,6.56,307.27,34.0,93.0,45,22,0.53,1.18,['20 Oct 2020 08:22:19']
349,3394813,Mirador,BR,-6.37,-44.36,308.11,35.0,95.0,33,47,2.07,4.6,['20 Oct 2020 08:22:19']
350,3674676,Mitú,CO,1.2,-70.17,300.61,27.0,81.0,73,53,0.96,2.13,['20 Oct 2020 08:22:19']
351,2214827,Mizdah,LY,31.45,12.98,296.39,23.0,74.0,26,0,3.19,7.09,['20 Oct 2020 08:22:19']
352,975436,Mmabatho,ZA,-25.85,25.63,309.15,36.0,97.0,12,20,7.2,16.0,['20 Oct 2020 08:22:19']
353,3383494,Moengo,SR,5.62,-54.4,303.73,31.0,87.0,59,100,2.24,4.98,['20 Oct 2020 08:22:19']
354,53654,Mogadishu,SO,2.04,45.34,303.15,30.0,86.0,62,20,5.7,12.67,['20 Oct 2020 08:22:19']
355,153247,Monduli,TZ,-3.3,36.45,299.15,26.0,79.0,44,75,2.6,5.78,['20 Oct 2020 08:22:19']
356,1252514,Mongar,BT,27.27,91.24,287.21,14.0,57.0,94,0,1.81,4.02,['20 Oct 2020 08:22:19']
357,2274895,Monrovia,LR,6.3,-10.8,301.12,28.0,82.0,75,78,4.15,9.22,['20 Oct 2020 08:22:19']
358,2992770,Arrondissement de Mont-de-Marsan,FR,44.0,-0.67,288.94,16.0,60.0,87,100,3.1,6.89,['20 Oct 2020 08:22:19']
359,6078372,Moose Factory,CA,51.26,-80.61,272.46,-1.0,31.0,95,78,1.65,3.67,['20 Oct 2020 08:22:19']
360,933277,Mosetse,BW,-20.75,26.65,311.02,38.0,100.0,8,0,6.53,14.51,['20 Oct 2020 08:22:19']
361,2397978,Mounana,GA,-1.41,13.16,304.15,31.0,88.0,58,75,2.6,5.78,['20 Oct 2020 08:22:19']
362,2156643,Mount Gambier,AU,-37.83,140.77,281.15,8.0,46.0,93,100,2.6,5.78,['20 Oct 2020 08:22:19']
363,905846,Mpika,ZM,-11.83,31.45,303.59,31.0,87.0,25,47,1.84,4.09,['20 Oct 2020 08:22:19']
364,175961,Mpulungu,ZM,-8.76,31.11,302.48,29.0,85.0,43,11,1.76,3.91,['20 Oct 2020 08:22:19']
365,645765,Muhos,FI,64.81,25.99,272.61,-1.0,31.0,92,90,3.1,6.89,['20 Oct 2020 08:22:19']
366,904422,Mumbwa,ZM,-14.98,27.06,308.71,36.0,96.0,10,0,2.44,5.42,['20 Oct 2020 08:22:19']
367,2297810,Mumford,GH,5.26,-0.76,300.56,27.0,81.0,79,62,5.82,12.93,['20 Oct 2020 08:22:19']
368,1262444,Murbād,IN,19.25,73.4,303.15,30.0,86.0,84,75,3.6,8.0,['20 Oct 2020 08:22:19']
369,3115824,Muros,ES,42.78,-9.06,291.48,18.0,65.0,80,100,9.39,20.87,['20 Oct 2020 08:22:19']
370,524100,Muyezerskiy,RU,63.93,31.65,272.15,-1.0,30.0,97,100,3.81,8.47,['20 Oct 2020 08:22:19']
371,2225703,Mvangué,CM,2.97,11.52,299.2,26.0,79.0,82,21,0.57,1.27,['20 Oct 2020 08:22:19']
372,902721,Mwense,ZM,-10.38,28.7,306.8,34.0,93.0,22,79,1.32,2.93,['20 Oct 2020 08:22:19']
373,152042,Naberera,TZ,-4.2,36.93,300.88,28.0,82.0,34,99,6.43,14.29,['20 Oct 2020 08:22:19']
374,3047509,Nagytarcsa,HU,47.53,19.28,288.55,16.0,60.0,44,20,5.7,12.67,['20 Oct 2020 08:22:19']
375,3347019,Mossamedes,AO,-15.2,12.15,298.15,25.0,77.0,65,20,7.2,16.0,['20 Oct 2020 08:22:19']
376,3421765,Nanortalik,GL,60.14,-45.24,275.85,3.0,37.0,83,100,2.28,5.07,['20 Oct 2020 08:22:19']
377,1855612,Nara,JP,34.69,135.8,289.33,16.0,61.0,67,20,2.6,5.78,['20 Oct 2020 08:22:19']
378,1261853,Narasannapeta,IN,18.42,84.05,300.44,27.0,81.0,85,27,3.22,7.16,['20 Oct 2020 08:22:19']
379,3394023,Natal,BR,-5.79,-35.21,302.15,29.0,84.0,62,75,9.3,20.67,['20 Oct 2020 08:22:19']
380,1855540,Naze,JP,28.37,129.48,297.15,24.0,75.0,78,40,7.7,17.11,['20 Oct 2020 08:22:19']
381,3430443,Necochea,AR,-38.55,-58.74,285.93,13.0,55.0,71,40,1.79,3.98,['20 Oct 2020 08:22:19']
382,522745,Nema,RU,57.51,50.5,275.86,3.0,37.0,81,100,4.19,9.31,['20 Oct 2020 08:22:19']
383,2155415,New Norfolk,AU,-42.78,147.06,284.33,11.0,52.0,68,100,0.9,2.0,['20 Oct 2020 08:22:19']
384,5264475,New Richmond,US,45.12,-92.54,269.64,-3.0,26.0,92,75,2.1,4.67,['20 Oct 2020 08:22:19']
385,2427036,Ngama,TD,11.78,17.17,311.39,38.0,101.0,14,0,5.47,12.16,['20 Oct 2020 08:22:19']
386,2064735,Nhulunbuy,AU,-12.23,136.77,299.15,26.0,79.0,83,96,1.5,3.33,['20 Oct 2020 08:22:19']
387,2440485,Niamey,NE,13.51,2.11,310.15,37.0,99.0,32,0,3.6,8.0,['20 Oct 2020 08:22:19']
388,3622716,Nicoya,CR,10.15,-85.45,297.15,24.0,75.0,100,100,2.6,5.78,['20 Oct 2020 08:22:19']
389,2412408,Nioro,GM,13.35,-15.75,308.99,36.0,97.0,34,18,2.51,5.58,['20 Oct 2020 08:22:19']
390,2990354,Arrondissement de Niort,FR,46.33,-0.33,289.26,16.0,61.0,80,100,5.36,11.91,['20 Oct 2020 08:22:19']
391,3393922,Nísia Floresta,BR,-6.09,-35.21,302.15,29.0,84.0,62,75,9.3,20.67,['20 Oct 2020 08:22:19']
392,520798,Nizhniy Baskunchak,RU,48.22,46.83,286.78,14.0,57.0,45,92,6.02,13.38,['20 Oct 2020 08:22:19']
393,933211,Nokaneng,BW,-19.67,22.27,313.32,40.0,104.0,7,5,2.69,5.98,['20 Oct 2020 08:22:19']
394,2377457,Nouadhibou,MR,20.93,-17.03,304.15,31.0,88.0,40,75,4.6,10.22,['20 Oct 2020 08:22:19']
395,924572,Nsanje,MW,-16.92,35.26,313.28,40.0,104.0,17,43,0.71,1.58,['20 Oct 2020 08:22:19']
396,3703828,Nuevo Emperador,PA,9.0,-79.73,298.81,26.0,78.0,88,40,4.6,10.22,['20 Oct 2020 08:22:19']
397,516647,Nyandoma,RU,61.67,40.2,271.55,-2.0,29.0,98,98,3.78,8.4,['20 Oct 2020 08:22:19']
398,236950,Obo,CF,5.4,26.49,298.68,26.0,78.0,87,100,3.23,7.18,['20 Oct 2020 08:22:19']
399,3522468,Ocotepec,MX,17.22,-93.15,287.03,14.0,57.0,100,100,0.89,1.98,['20 Oct 2020 08:22:19']
400,3414079,Olafsvik,IS,64.89,-23.71,276.5,3.0,38.0,76,100,3.51,7.8,['20 Oct 2020 08:22:19']
401,3393536,Olinda,BR,-8.01,-34.86,302.15,29.0,84.0,62,75,5.7,12.67,['20 Oct 2020 08:22:19']
402,2396853,Omboué,GA,-1.57,9.26,300.53,27.0,81.0,74,95,4.15,9.22,['20 Oct 2020 08:22:19']
403,3346821,Ondjiva,AO,-17.07,15.73,310.15,37.0,99.0,7,1,3.1,6.89,['20 Oct 2020 08:22:19']
404,3354077,Opuwo,NA,-18.06,13.84,310.89,38.0,100.0,8,0,2.93,6.51,['20 Oct 2020 08:22:19']
405,3354071,Oranjemund,NA,-28.55,16.43,291.65,18.0,65.0,57,0,10.99,24.42,['20 Oct 2020 08:22:19']
406,3393471,Oriximiná,BR,-1.77,-55.87,305.67,33.0,91.0,49,51,2.65,5.89,['20 Oct 2020 08:22:19']
407,2685750,Östersund,SE,63.18,14.64,272.15,-1.0,30.0,92,75,5.1,11.33,['20 Oct 2020 08:22:19']
408,556268,Ostrovnoy,RU,68.05,39.51,276.21,3.0,38.0,78,100,6.98,15.51,['20 Oct 2020 08:22:19']
409,3353934,Otavi,NA,-19.65,17.33,309.68,37.0,98.0,8,0,1.99,4.42,['20 Oct 2020 08:22:19']
410,236901,Ouadda,CF,8.08,22.4,304.02,31.0,88.0,50,56,2.4,5.33,['20 Oct 2020 08:22:19']
411,236844,Ouango,CF,4.31,22.56,304.88,32.0,89.0,51,96,0.92,2.04,['20 Oct 2020 08:22:19']
412,967106,Oudtshoorn,ZA,-33.59,22.2,291.15,18.0,64.0,72,40,7.7,17.11,['20 Oct 2020 08:22:19']
413,2255564,Ouésso,CG,1.61,16.05,299.79,27.0,80.0,86,97,2.02,4.49,['20 Oct 2020 08:22:19']
414,2246901,Oussouye,SN,12.48,-16.55,306.15,33.0,91.0,66,40,2.1,4.67,['20 Oct 2020 08:22:19']
415,5380437,Pacific Grove,US,36.62,-121.92,283.85,11.0,51.0,100,90,2.1,4.67,['20 Oct 2020 08:22:19']
416,1633419,Padang,ID,-0.95,100.35,300.4,27.0,81.0,74,100,1.12,2.49,['20 Oct 2020 08:22:19']
417,3455580,Padre Bernardo,BR,-15.35,-48.5,299.64,27.0,80.0,60,98,2.46,5.47,['20 Oct 2020 08:22:19']
418,2523918,Province of Palermo,IT,37.82,13.58,292.96,20.0,68.0,51,0,4.02,8.93,['20 Oct 2020 08:22:19']
419,2265223,Palmela,PT,38.57,-8.9,289.9,17.0,62.0,93,75,6.7,14.89,['20 Oct 2020 08:22:19']
420,5527953,Pampa,US,35.54,-100.96,282.01,9.0,48.0,93,1,7.7,17.11,['20 Oct 2020 08:22:19']
421,1632694,Pangkalanbuun,ID,-2.68,111.62,297.97,25.0,77.0,90,98,0.98,2.18,['20 Oct 2020 08:22:19']
422,6096551,Pangnirtung,CA,66.15,-65.71,268.31,-5.0,23.0,92,100,3.74,8.31,['20 Oct 2020 08:22:19']
423,3393115,Paracuru,BR,-3.41,-39.03,300.37,27.0,81.0,71,25,11.62,25.82,['20 Oct 2020 08:22:19']
424,3841956,Paraná,AR,-31.73,-60.52,289.82,17.0,62.0,92,100,3.58,7.96,['20 Oct 2020 08:22:19']
425,3521894,Paredon,MX,16.03,-93.87,298.6,26.0,78.0,76,100,4.92,10.93,['20 Oct 2020 08:22:19']
426,512576,Parfen'yevo,RU,58.48,43.41,275.31,2.0,36.0,85,96,3.12,6.93,['20 Oct 2020 08:22:19']
427,4440397,Pascagoula,US,30.37,-88.56,291.24,18.0,65.0,88,1,3.99,8.87,['20 Oct 2020 08:22:19']
428,1631637,Pemangkat,ID,1.17,108.97,300.57,27.0,81.0,76,58,1.18,2.62,['20 Oct 2020 08:22:19']
429,2264923,Peniche,PT,39.36,-9.38,289.24,16.0,61.0,91,100,4.81,10.69,['20 Oct 2020 08:22:19']
430,3841490,Pergamino,AR,-33.89,-60.57,285.93,13.0,55.0,96,100,1.34,2.98,['20 Oct 2020 08:22:19']
431,2404472,Koyima,SL,8.7,-11.03,304.57,32.0,89.0,51,56,1.8,4.0,['20 Oct 2020 08:22:19']
432,924206,Phalombe,MW,-15.81,35.65,303.84,31.0,87.0,29,91,1.82,4.04,['20 Oct 2020 08:22:19']
433,3932145,Pisco,PE,-13.7,-76.22,289.2,16.0,61.0,77,0,1.5,3.33,['20 Oct 2020 08:22:19']
434,3391889,Pitimbu,BR,-7.47,-34.81,301.15,28.0,82.0,65,75,7.2,16.0,['20 Oct 2020 08:22:19']
435,2356459,Pitmoaga,BF,12.24,-1.88,308.15,35.0,95.0,47,20,2.6,5.78,['20 Oct 2020 08:22:19']
436,3924895,Plácido de Castro,BR,-10.34,-67.19,304.2,31.0,88.0,52,7,1.06,2.36,['20 Oct 2020 08:22:19']
437,964712,Plettenberg Bay,ZA,-34.05,23.37,291.56,18.0,65.0,56,0,5.9,13.11,['20 Oct 2020 08:22:19']
438,2264557,Ponta do Sol,PT,32.67,-17.1,295.18,22.0,72.0,57,40,8.7,19.33,['20 Oct 2020 08:22:19']
439,2088163,Popondetta,PG,-8.75,148.25,296.74,23.0,74.0,94,100,1.47,3.27,['20 Oct 2020 08:22:19']
440,1259395,Porbandar,IN,21.64,69.61,302.88,30.0,86.0,71,23,5.47,12.16,['20 Oct 2020 08:22:19']
441,964432,Port Alfred,ZA,-33.59,26.89,293.02,20.0,68.0,57,94,11.74,26.09,['20 Oct 2020 08:22:19']
442,1259385,Port Blair,IN,11.67,92.75,300.56,27.0,81.0,83,0,5.58,12.4,['20 Oct 2020 08:22:19']
443,964420,Port Elizabeth,ZA,-33.92,25.57,294.15,21.0,70.0,40,0,12.9,28.67,['20 Oct 2020 08:22:19']
444,2063036,Port Lincoln,AU,-34.73,135.87,288.79,16.0,60.0,74,100,4.44,9.87,['20 Oct 2020 08:22:19']
445,2396518,Port-Gentil,GA,-0.72,8.78,302.15,29.0,84.0,79,40,5.1,11.33,['20 Oct 2020 08:22:19']
446,3391387,Porto de Moz,BR,-1.75,-52.24,305.31,32.0,90.0,53,62,2.33,5.18,['20 Oct 2020 08:22:19']
447,2392087,Porto-Novo,BJ,6.5,2.6,302.15,29.0,84.0,79,40,6.2,13.78,['20 Oct 2020 08:22:19']
448,2985947,Porto-Vecchio,FR,41.59,9.28,293.2,20.0,68.0,64,20,4.1,9.11,['20 Oct 2020 08:22:19']
449,3452483,Prado,BR,-17.34,-39.22,298.71,26.0,78.0,78,100,3.51,7.8,['20 Oct 2020 08:22:19']
450,3374333,Praia,CV,14.92,-23.51,305.15,32.0,90.0,55,40,9.3,20.67,['20 Oct 2020 08:22:19']
451,3374333,Praia,CV,14.92,-23.51,305.15,32.0,90.0,55,40,9.3,20.67,['20 Oct 2020 08:22:19']
452,1630639,Pringsewu,ID,-5.36,104.97,297.75,24.0,76.0,91,100,1.88,4.18,['20 Oct 2020 08:22:19']
453,3652764,Puerto Ayora,EC,-0.74,-90.35,294.26,21.0,70.0,90,97,4.02,8.93,['20 Oct 2020 08:22:19']
454,3584003,Puerto El Triunfo,SV,13.28,-88.55,296.15,23.0,73.0,100,20,1.0,2.22,['20 Oct 2020 08:22:19']
455,3792398,Puerto Guzmán,CO,0.97,-76.59,299.48,26.0,79.0,70,47,0.43,0.96,['20 Oct 2020 08:22:19']
456,3671437,Caucayá,CO,-0.19,-74.78,300.25,27.0,81.0,75,75,0.59,1.31,['20 Oct 2020 08:22:19']
457,3874787,Punta Arenas,CL,-53.15,-70.92,278.62,6.0,42.0,65,75,9.3,20.67,['20 Oct 2020 08:22:19']
458,3622228,Puntarenas,CR,9.98,-84.84,292.15,19.0,66.0,100,40,1.5,3.33,['20 Oct 2020 08:22:19']
459,3451931,Quirinópolis,BR,-18.45,-50.45,296.13,23.0,73.0,82,100,3.08,6.84,['20 Oct 2020 08:22:19']
460,368246,Raja,SS,8.46,25.68,302.41,29.0,85.0,60,12,2.2,4.89,['20 Oct 2020 08:22:19']
461,3146487,Raudeberg,NO,61.99,5.14,278.15,5.0,41.0,92,100,6.38,14.18,['20 Oct 2020 08:22:19']
462,1607016,Rayong,TH,12.83,101.43,298.93,26.0,78.0,83,40,2.6,5.78,['20 Oct 2020 08:22:19']
463,3372707,Ribeira Grande,PT,38.52,-28.7,291.15,18.0,64.0,63,40,5.7,12.67,['20 Oct 2020 08:22:19']
464,962367,Richards Bay,ZA,-28.78,32.04,296.0,23.0,73.0,70,99,7.84,17.42,['20 Oct 2020 08:22:19']
465,4030556,Rikitea,PF,-23.12,-134.97,296.02,23.0,73.0,79,13,5.67,12.6,['20 Oct 2020 08:22:19']
466,3838859,Río Gallegos,AR,-51.62,-69.22,279.15,6.0,43.0,60,96,9.3,20.67,['20 Oct 2020 08:22:19']
467,3451138,Rio Grande,BR,-32.03,-52.1,291.48,18.0,65.0,92,100,1.34,2.98,['20 Oct 2020 08:22:19']
468,3451051,Rio Verde de Mato Grosso,BR,-18.92,-54.84,299.28,26.0,79.0,68,98,1.53,3.4,['20 Oct 2020 08:22:19']
469,3440781,Rivera,UY,-30.91,-55.55,293.22,20.0,68.0,81,85,8.29,18.42,['20 Oct 2020 08:22:19']
470,3577430,Road Town,VG,18.42,-64.62,300.67,28.0,82.0,83,40,2.6,5.78,['20 Oct 2020 08:22:19']
471,4723165,Robinsonville,US,31.47,-97.11,295.15,22.0,72.0,83,75,3.6,8.0,['20 Oct 2020 08:22:19']
472,3450873,Rosário do Sul,BR,-30.26,-54.91,297.76,24.0,76.0,70,0,6.32,14.04,['20 Oct 2020 08:22:19']
473,5749352,Roseburg,US,43.22,-123.34,283.39,10.0,50.0,87,90,0.41,0.91,['20 Oct 2020 08:22:19']
474,1214026,Sabang,ID,5.89,95.32,301.52,28.0,83.0,78,61,7.09,15.76,['20 Oct 2020 08:22:19']
475,2212775,Sabha,LY,27.04,14.43,302.37,29.0,85.0,29,100,4.09,9.09,['20 Oct 2020 08:22:19']
476,5312476,Safford,US,32.83,-109.71,283.15,10.0,50.0,27,1,1.5,3.33,['20 Oct 2020 08:22:19']
477,5546220,Saint George,US,37.1,-113.58,287.15,14.0,57.0,22,1,1.27,2.82,['20 Oct 2020 08:22:19']
478,935215,Saint-Philippe,RE,-21.36,55.77,297.85,24.0,76.0,65,42,8.7,19.33,['20 Oct 2020 08:22:19']
479,935214,Saint-Pierre,RE,-21.34,55.48,298.29,25.0,77.0,65,37,8.7,19.33,['20 Oct 2020 08:22:19']
480,102527,Sakakah,SA,29.97,40.21,306.15,33.0,91.0,7,0,2.1,4.67,['20 Oct 2020 08:22:19']
481,286621,Salalah,OM,17.02,54.09,304.15,31.0,88.0,52,23,3.6,8.0,['20 Oct 2020 08:22:19']
482,3361934,Saldanha,ZA,-33.01,17.94,294.15,21.0,70.0,46,0,5.7,12.67,['20 Oct 2020 08:22:19']
483,5391295,Salinas,US,36.68,-121.66,284.2,11.0,52.0,100,90,0.83,1.84,['20 Oct 2020 08:22:19']
484,3389822,Salinópolis,BR,-0.61,-47.36,302.65,29.0,85.0,68,41,6.54,14.53,['20 Oct 2020 08:22:19']
485,2295672,Saltpond,GH,5.21,-1.06,301.48,28.0,83.0,74,71,5.52,12.27,['20 Oct 2020 08:22:19']
486,2132606,Samarai,PG,-10.62,150.67,299.43,26.0,79.0,88,53,3.84,8.53,['20 Oct 2020 08:22:19']
487,1629001,Samarinda,ID,-0.5,117.15,297.09,24.0,75.0,91,100,0.74,1.64,['20 Oct 2020 08:22:19']
488,1056899,Sambava,MG,-14.27,50.17,299.95,27.0,80.0,67,58,7.93,17.62,['20 Oct 2020 08:22:19']
489,7647007,Bariloche,AR,-41.15,-71.31,279.98,7.0,44.0,60,98,1.57,3.49,['20 Oct 2020 08:22:19']
490,3628473,San Cristobal,VE,7.77,-72.22,298.15,25.0,77.0,83,75,1.0,2.22,['20 Oct 2020 08:22:19']
491,5392171,San Jose,US,37.34,-121.89,286.84,14.0,57.0,87,1,0.29,0.64,['20 Oct 2020 08:22:19']
492,1688781,City of San Pedro,PH,14.35,121.02,298.92,26.0,78.0,94,90,3.1,6.89,['20 Oct 2020 08:22:19']
493,3616594,San Rafael del Sur,NI,11.85,-86.44,297.15,24.0,75.0,100,40,2.1,4.67,['20 Oct 2020 08:22:19']
494,5392593,San Ramon,US,37.78,-121.98,287.55,14.0,58.0,62,1,0.73,1.62,['20 Oct 2020 08:22:19']
495,3662489,Santa Isabel Rio Negro,BR,-0.41,-65.02,302.87,29.0,85.0,69,88,0.49,1.09,['20 Oct 2020 08:22:19']
496,3450083,Santa Maria,BR,-29.68,-53.81,300.1,27.0,81.0,56,0,2.56,5.69,['20 Oct 2020 08:22:19']
497,3450063,Santa Maria da Vitória,BR,-13.39,-44.19,303.96,31.0,87.0,43,80,2.91,6.47,['20 Oct 2020 08:22:19']
498,3389321,Santa Rita,BR,-7.11,-34.98,301.15,28.0,82.0,65,75,7.2,16.0,['20 Oct 2020 08:22:19']
499,3449304,São Desidério,BR,-12.36,-44.97,305.49,32.0,90.0,36,100,2.71,6.02,['20 Oct 2020 08:22:19']
500,3388847,São Félix do Xingu,BR,-6.64,-51.99,308.68,36.0,96.0,37,100,0.97,2.16,['20 Oct 2020 08:22:19']
501,3374210,São Filipe,CV,14.9,-24.5,303.81,31.0,87.0,53,74,4.74,10.53,['20 Oct 2020 08:22:19']
502,3662342,São Gabriel da Cachoeira,BR,-0.13,-67.09,300.53,27.0,81.0,80,86,0.27,0.6,['20 Oct 2020 08:22:19']
503,3448903,São João da Barra,BR,-21.64,-41.05,299.15,26.0,79.0,65,75,5.1,11.33,['20 Oct 2020 08:22:19']
504,3388456,São José da Coroa Grande,BR,-8.9,-35.15,300.67,28.0,82.0,61,37,4.83,10.73,['20 Oct 2020 08:22:19']
505,2425791,Sarh,TD,9.14,18.39,309.15,36.0,97.0,41,20,2.1,4.67,['20 Oct 2020 08:22:19']
506,145531,Saurimo,AO,-9.66,20.39,304.15,31.0,88.0,48,20,1.9,4.22,['20 Oct 2020 08:22:19']
507,2255304,Sémbé,CG,1.65,14.58,300.41,27.0,81.0,82,88,1.33,2.96,['20 Oct 2020 08:22:19']
508,933077,Shakawe,BW,-18.37,21.85,313.18,40.0,104.0,7,0,3.72,8.27,['20 Oct 2020 08:22:19']
509,328716,Shakiso,ET,5.75,38.92,295.2,22.0,72.0,68,25,2.58,5.73,['20 Oct 2020 08:22:19']
510,1847947,Shingū,JP,33.73,135.98,287.13,14.0,57.0,78,0,3.12,6.93,['20 Oct 2020 08:22:19']
511,1794903,Shiyan,CN,32.65,110.78,286.58,13.0,56.0,72,35,2.59,5.76,['20 Oct 2020 08:22:19']
512,1213855,Sibolga,ID,1.74,98.78,300.0,27.0,80.0,76,95,0.73,1.62,['20 Oct 2020 08:22:19']
513,2487130,Sidi Ali,DZ,36.1,0.42,302.23,29.0,84.0,19,98,8.49,18.87,['20 Oct 2020 08:22:19']
514,3387625,Simões,BR,-7.6,-40.82,304.51,31.0,88.0,39,0,5.92,13.16,['20 Oct 2020 08:22:19']
515,3380290,Sinnamary,GF,5.38,-52.95,303.07,30.0,86.0,66,41,5.13,11.4,['20 Oct 2020 08:22:19']
516,367644,Sennar,SD,13.57,33.57,310.55,37.0,99.0,19,39,1.38,3.07,['20 Oct 2020 08:22:19']
517,594607,Širvintos,LT,55.05,24.95,281.19,8.0,46.0,61,75,4.1,9.11,['20 Oct 2020 08:22:19']
518,3139597,Sistranda,NO,63.73,8.83,277.15,4.0,39.0,69,75,9.3,20.67,['20 Oct 2020 08:22:19']
519,1255981,Sītāmau,IN,24.02,75.35,301.93,29.0,84.0,47,70,2.76,6.13,['20 Oct 2020 08:22:19']
520,777682,Skjervøy,NO,70.03,20.97,276.15,3.0,37.0,86,75,1.0,2.22,['20 Oct 2020 08:22:19']
521,933995,Souillac,MU,-20.52,57.52,300.15,27.0,81.0,65,40,5.7,12.67,['20 Oct 2020 08:22:19']
522,2236967,Soyo,AO,-6.13,12.37,302.15,29.0,84.0,66,75,4.1,9.11,['20 Oct 2020 08:22:19']
523,2636638,Stromness,GB,58.97,-3.3,283.15,10.0,50.0,93,90,10.3,22.89,['20 Oct 2020 08:22:19']
524,1625929,Sungai Penuh,ID,-2.08,101.38,293.2,20.0,68.0,93,92,0.3,0.67,['20 Oct 2020 08:22:19']
525,2210554,Sirte,LY,31.21,16.59,297.02,24.0,75.0,48,1,4.99,11.09,['20 Oct 2020 08:22:19']
526,1490551,Suzun,RU,53.78,82.31,278.19,5.0,41.0,69,17,2.06,4.58,['20 Oct 2020 08:22:19']
527,2281120,Tabou,CI,4.42,-7.35,300.46,27.0,81.0,71,100,3.65,8.11,['20 Oct 2020 08:22:19']
528,2294915,Takoradze,GH,4.88,-1.76,300.5,27.0,81.0,81,99,4.34,9.64,['20 Oct 2020 08:22:19']
529,3870282,Talcahuano,CL,-36.72,-73.12,285.15,12.0,54.0,58,14,3.1,6.89,['20 Oct 2020 08:22:19']
530,3870243,Taltal,CL,-25.4,-70.48,292.09,19.0,66.0,50,0,1.47,3.27,['20 Oct 2020 08:22:19']
531,366444,Tambura,SS,5.6,27.47,299.03,26.0,79.0,77,100,3.33,7.4,['20 Oct 2020 08:22:19']
532,1735553,Tanah Merah,MY,5.8,102.15,301.04,28.0,82.0,88,20,1.5,3.33,['20 Oct 2020 08:22:19']
533,2439155,Tanout,NE,14.97,8.89,310.13,37.0,99.0,8,0,6.32,14.04,['20 Oct 2020 08:22:19']
534,2450173,Taoudenni,ML,22.68,-3.98,308.46,36.0,96.0,13,0,6.12,13.6,['20 Oct 2020 08:22:19']
535,3424607,Tasiilaq,GL,65.61,-37.64,274.15,1.0,34.0,69,40,4.1,9.11,['20 Oct 2020 08:22:19']
536,4033557,Tautira,PF,-17.73,-149.15,297.63,24.0,76.0,69,20,2.1,4.67,['20 Oct 2020 08:22:19']
537,2477537,Tazmalt,DZ,36.39,4.4,297.15,24.0,75.0,57,0,4.1,9.11,['20 Oct 2020 08:22:19']
538,2396253,Tchibanga,GA,-2.85,11.03,300.4,27.0,81.0,78,96,2.54,5.64,['20 Oct 2020 08:22:19']
539,3516171,Barra de Tecoanapa,MX,16.52,-98.75,298.14,25.0,77.0,80,98,1.82,4.04,['20 Oct 2020 08:22:19']
540,2414925,Telimele,GN,10.92,-13.33,304.68,32.0,89.0,56,2,0.8,1.78,['20 Oct 2020 08:22:19']
541,738803,Terme,TR,41.21,36.97,289.15,16.0,61.0,87,75,1.0,2.22,['20 Oct 2020 08:22:19']
542,2449893,Tessalit,ML,20.2,1.01,309.95,37.0,98.0,9,0,1.14,2.53,['20 Oct 2020 08:22:19']
543,1337610,Thinadhoo,MV,0.53,72.93,301.67,28.0,83.0,76,100,5.65,12.56,['20 Oct 2020 08:22:19']
544,4033356,Tiarei,PF,-17.53,-149.33,297.64,24.0,76.0,69,20,2.1,4.67,['20 Oct 2020 08:22:19']
545,2510485,Tías,ES,28.96,-13.64,299.15,26.0,79.0,74,20,5.7,12.67,['20 Oct 2020 08:22:19']
546,2635762,Tiverton,GB,50.9,-3.48,289.6,17.0,62.0,77,40,6.7,14.89,['20 Oct 2020 08:22:19']
547,6167817,Torbay,CA,47.67,-52.73,285.59,12.0,54.0,78,91,1.34,2.98,['20 Oct 2020 08:22:19']
548,6167865,Toronto,CA,43.7,-79.42,279.51,6.0,43.0,97,100,2.19,4.87,['20 Oct 2020 08:22:19']
549,2972270,Tourlaville,FR,49.64,-1.57,290.17,17.0,63.0,72,20,8.7,19.33,['20 Oct 2020 08:22:19']
550,3386213,Touros,BR,-5.2,-35.46,302.15,29.0,84.0,62,75,9.3,20.67,['20 Oct 2020 08:22:19']
551,3386177,Trairi,BR,-3.28,-39.27,304.02,31.0,88.0,53,14,7.88,17.51,['20 Oct 2020 08:22:19']
552,3446098,Três Lagoas,BR,-20.75,-51.68,299.26,26.0,79.0,70,100,2.26,5.02,['20 Oct 2020 08:22:19']
553,3133983,Trofors,NO,65.53,13.41,273.44,1.0,33.0,93,40,1.0,2.22,['20 Oct 2020 08:22:19']
554,1055059,Tsaratanana,MG,-16.78,47.65,306.49,33.0,92.0,28,68,4.69,10.42,['20 Oct 2020 08:22:19']
555,2363534,Tsévié,TG,6.43,1.21,304.15,31.0,88.0,70,20,5.1,11.33,['20 Oct 2020 08:22:19']
556,1054463,Tsiroanomandidy,MG,-18.77,46.03,306.21,33.0,92.0,14,0,2.23,4.96,['20 Oct 2020 08:22:19']
557,3107418,Tudela,ES,42.06,-1.6,289.15,16.0,61.0,87,90,9.3,20.67,['20 Oct 2020 08:22:19']
558,88834,Tūkrah,LY,32.53,20.58,296.51,23.0,74.0,61,16,7.78,17.29,['20 Oct 2020 08:22:19']
559,6170031,Tuktoyaktuk,CA,69.45,-133.04,265.94,-7.0,19.0,97,100,6.2,13.78,['20 Oct 2020 08:22:19']
560,3445847,Ubatuba,BR,-23.43,-45.07,299.17,26.0,79.0,69,0,1.31,2.91,['20 Oct 2020 08:22:19']
561,2320831,Ugep,NG,5.81,8.08,303.15,30.0,86.0,69,62,2.07,4.6,['20 Oct 2020 08:22:19']
562,5404476,Ukiah,US,39.15,-123.21,285.32,12.0,54.0,66,1,1.5,3.33,['20 Oct 2020 08:22:19']
563,364933,Umm Kaddadah,SD,13.6,26.69,310.21,37.0,99.0,9,0,6.72,14.93,['20 Oct 2020 08:22:19']
564,1253807,Umred,IN,20.85,79.33,302.15,29.0,84.0,54,20,2.15,4.78,['20 Oct 2020 08:22:19']
565,3418910,Upernavik,GL,72.79,-56.15,273.52,1.0,33.0,89,100,0.96,2.13,['20 Oct 2020 08:22:19']
566,1529102,Ürümqi,CN,43.8,87.6,288.15,15.0,59.0,22,0,3.0,6.67,['20 Oct 2020 08:22:19']
567,3833367,Ushuaia,AR,-54.8,-68.3,277.15,4.0,39.0,69,75,9.8,21.78,['20 Oct 2020 08:22:19']
568,204405,Uvira,CD,-3.41,29.15,300.25,27.0,81.0,55,99,3.83,8.51,['20 Oct 2020 08:22:19']
569,2732965,Valpaços,PT,41.61,-7.31,285.93,13.0,55.0,99,100,1.51,3.36,['20 Oct 2020 08:22:19']
570,1253392,Varkala,IN,8.73,76.71,301.15,28.0,82.0,94,75,1.0,2.22,['20 Oct 2020 08:22:19']
571,3412093,Vestmannaeyjar,IS,63.44,-20.27,276.15,3.0,37.0,73,0,2.1,4.67,['20 Oct 2020 08:22:19']
572,1819729,Hong Kong,HK,22.29,114.16,297.39,24.0,76.0,68,0,1.34,2.98,['20 Oct 2020 08:22:19']
573,3832899,Viedma,AR,-40.81,-63.0,289.26,16.0,61.0,42,15,1.34,2.98,['20 Oct 2020 08:22:19']
574,3372472,Vila Franca do Campo,PT,37.72,-25.43,291.15,18.0,64.0,63,20,7.7,17.11,['20 Oct 2020 08:22:19']
575,3445026,Vila Velha,BR,-20.33,-40.29,296.9,24.0,75.0,88,90,2.1,4.67,['20 Oct 2020 08:22:19']
576,3514633,Vista Hermosa,MX,19.52,-99.22,287.09,14.0,57.0,76,75,3.1,6.89,['20 Oct 2020 08:22:19']
577,2209055,Waddān,LY,29.16,16.14,300.59,27.0,81.0,32,0,2.94,6.53,['20 Oct 2020 08:22:19']
578,178443,Wajir,KE,1.75,40.06,308.17,35.0,95.0,29,28,4.49,9.98,['20 Oct 2020 08:22:19']
579,3359638,Walvis Bay,NA,-22.96,14.51,294.29,21.0,70.0,44,0,5.7,12.67,['20 Oct 2020 08:22:19']
580,1791779,Wanning,CN,18.8,110.4,296.86,24.0,75.0,87,88,6.33,14.07,['20 Oct 2020 08:22:19']
581,2319133,Warri,NG,5.52,5.75,302.79,29.0,85.0,72,100,2.82,6.27,['20 Oct 2020 08:22:19']
582,1149878,Wiang Sa,TH,8.64,99.37,300.25,27.0,81.0,88,20,2.1,4.67,['20 Oct 2020 08:22:19']
583,2033934,Xiaoshi,CN,41.3,124.12,288.15,15.0,59.0,54,100,3.0,6.67,['20 Oct 2020 08:22:19']
584,49747,Oddur,SO,4.12,43.89,301.74,28.0,83.0,54,100,1.78,3.96,['20 Oct 2020 08:22:19']
585,326036,Yabēlo,ET,4.88,38.08,295.03,22.0,71.0,59,46,3.05,6.78,['20 Oct 2020 08:22:19']
586,69559,Yarim,YE,14.3,44.38,292.43,19.0,67.0,23,0,1.72,3.82,['20 Oct 2020 08:22:19']
587,6185377,Yellowknife,CA,62.46,-114.35,268.95,-4.0,24.0,79,68,2.24,4.98,['20 Oct 2020 08:22:19']
588,2318123,Yenagoa,NG,4.92,6.26,303.74,31.0,87.0,66,71,3.83,8.51,['20 Oct 2020 08:22:19']
589,111421,Zarand,IR,30.81,56.56,293.51,21.0,69.0,16,0,2.7,6.0,['20 Oct 2020 08:22:19']
590,607610,Zhangaözen,KZ,43.3,52.8,290.82,18.0,64.0,49,0,8.33,18.51,['20 Oct 2020 08:22:19']
591,1785036,Zhangye,CN,38.93,100.45,282.49,9.0,49.0,42,0,1.04,2.31,['20 Oct 2020 08:22:19']
592,1516589,Zhezkazgan,KZ,47.8,67.71,285.84,13.0,55.0,28,0,3.16,7.02,['20 Oct 2020 08:22:19']
593,1162105,Zhob,PK,31.34,69.45,292.42,19.0,67.0,18,0,0.53,1.18,['20 Oct 2020 08:22:19']
594,2272491,Zwedru,LR,6.07,-8.13,304.15,31.0,88.0,60,89,0.73,1.62,['20 Oct 2020 08:22:19']
